<?xml version="1.0" encoding="UTF-8" ?> 
<?xml-stylesheet type="text/xsl" href="cdcatalog_amb_suma_valors.xsl"?>
<catalog>
    <cd>
        <title>Empire Burlesque 1</title>
        <artist>Bob Dylan</artist>
        <country>USA</country>
        <company>Columbia</company>
        <price1>1000</price1>
        <price2>2000</price2>
    </cd>
    <cd>
        <title>Empire Burlesque 2</title>
        <artist>Bob Dylan 2</artist>
        <country>USA 2</country>
        <company>Columbia 2</company>
        <price1>10000</price1>
        <price2>20000</price2>
    </cd>
    <cd>
        <title>Empire Burlesque 3</title>
        <artist>Bob Dylan</artist>
        <country>USA</country>
        <company>Columbia</company>
        <price1>100000</price1>
        <price2>200000</price2>
    </cd>
    <cd>
        <title>Empire Burlesque 4</title>
        <artist>Bob Dylan</artist>
        <country>USA</country>
        <company>Columbia</company>
        <price1>1000000</price1>
        <price2>2000000</price2>
    </cd>
    <cd>
        <title>Empire Burlesque 5</title>
        <artist>Bob Dylan</artist>
        <country>USA</country>
        <company>Columbia</company>
        <price1>10000000</price1>
        <price2>20000000</price2>
    </cd>
</catalog>
